search_term,name,phone,website,address,rating,source,date_found
HVAC Houston TX,Air Tech of Houston AC & Plumbing,(832) 680-5546,https://www.airtechofhouston.com/locations/houston-tx/?utm_source=google-gbp&utm_medium=organic&utm_campaign=*19*air-tech-houston,"2114 Lou Ellen Ln, Houston, TX 77018, USA",4.9,Google Places,2026-06-15 20:38:03
HVAC Houston TX,Bellaire Air Conditioning,(713) 428-2279,https://www.bellaireair.com/,"5414 Ashbrook Dr, Houston, TX 77081, USA",4.9,Google Places,2026-06-15 20:38:03
HVAC Houston TX,Mission Air Conditioning & Plumbing,(281) 985-5133,https://www.missionac.com/locations/houston-tx/?utm_source=google&utm_medium=organic&utm_campaign=gbp,"1630 Elmview Dr, Houston, TX 77080, USA",4.8,Google Places,2026-06-15 20:38:03
HVAC Houston TX,Airtron Heating & Air Conditioning,(281) 406-3331,https://airtron.com/houston/?utm_source=gmb&utm_medium=gmb-organic&utm_campaign=gmb-houston,"16225 Tomball Pkwy Bldg B, Houston, TX 77064, USA",4.8,Google Places,2026-06-15 20:38:03
HVAC Houston TX,Air Tech of Humble - Elite Comfort,(346) 236-1240,https://www.airtechofhumble.com/locations/humble-tx/?utm_source=google-gbp&utm_medium=organic&utm_campaign=*20*air-tech-humble,"1710 1st St E, Humble, TX 77338, USA",4.9,Google Places,2026-06-15 20:38:03
HVAC Houston TX,Ace Comfort Air Conditioning & Heating,(281) 658-5141,http://www.acecomfort-tx.com/,"601 Milwaukee St, Houston, TX 77009, USA",4.9,Google Places,2026-06-15 20:38:03
HVAC Houston TX,Excel Air,(713) 300-2803,http://www.excelairconditioning.com/,"6125 W Sam Houston Pkwy N Ste 301, Houston, TX 77041, USA",4.9,Google Places,2026-06-15 20:38:03
HVAC Houston TX,Champion and Nash,(713) 360-0564,http://championandnash.com/,"19339 Ella Blvd, Spring, TX 77388, USA",4.9,Google Places,2026-06-15 20:38:03
HVAC Houston TX,Uptown Heating & Air Conditioning,(832) 709-0236,https://www.uptownac.com/,"11211 Richmond Ave Ste B102, Houston, TX 77082, USA",4.9,Google Places,2026-06-15 20:38:03
HVAC Houston TX,Courtesy Air Conditioning & Heating,(281) 496-9450,http://www.courtesyaconline.com/,"1950 Eldridge Pkwy, Houston, TX 77077, USA",5,Google Places,2026-06-15 20:38:03
